,0,1,2,3,4,5
nan,-3.0696003,-0.025122147,-2.1378553,3.8669083,-0.3174713,-2.1189225
requireadmin,5.535374,-0.8200552,0.016296467,-0.34681368,5.3256545,5.6245103
existsnotset,-0.4156042,-0.24860413,-0.66502905,0.7501386,-0.040690538,-0.1809145
off,-0.927748,-0.22796918,-0.9232715,1.1887877,-0.31929597,-0.6521002
warn,4.538428,-1.5720946,2.9557729,-3.4744344,3.7906756,2.1055398
prompt,8.088531,-1.6810688,0.8908581,0.4037953,6.0639143,3.541502
block,5.1673427,1.15354,1.5539914,-5.6194525,0.50855976,0.6956963
on,5.281526,1.0986042,1.0076766,-4.288844,3.8713822,1.9232501
&#x01;,5.0312777,-2.0864475,1.6136107,-1.7994268,13.422584,4.1746516
&#x02;,4.4645815,0.9503405,1.3977747,-4.981524,3.8929584,1.511797
0,3.6363616,-0.48434272,3.0774117,-6.1308784,3.5459428,0.99196064
&#x03;,3.9220903,-1.8787901,2.497107,-2.489872,3.2144077,2.8456788
