MachineIdentifier,HasDetections,Predict
004ab1df5449176bae63dd08eb2a7e3a,0,0.491282
0093aea61657524765a80cc799ad4b2e,1,0.000000
00de4088a22aba53934f87f92b07b0d3,0,0.000000
0128f23019a94af2a854e816ce06de8d,1,0.000000
0171e62e89d6b26ed6343ecefd0da163,0,0.000000
01bb2655870d2ede57a0a42a7c9edb3b,1,0.491282
0204e1fc3a374b660b9d6c8f649f0edb,0,0.000000
024e2f01dd5083c208bbc543c0eda886,1,0.000000
02977ed9679caab78ac415f166c7ec85,1,0.000000
02e125f54e5e4aefc7a42cae452fe9b2,0,0.000000
032a5c1d9c36930067b7b2208c582e74,0,0.491282
0373d7590f3b2980471d461adf5415d5,0,0.000000
03bdaef21a3cf14a42ab280f710d1a52,1,0.000000
040686c2fe57efe0b60163422251bdfd,0,0.000000
04500b0a4ad343d2798fb4e06f938277,0,0.000000
049a6ed38454d93aabf7c4596703476f,1,0.506075
04e3c618b30412930c80bdd3a5a1f36c,1,0.000000
052f2591ee3e8fcd619656895bbd085e,0,0.000000
05787e93f0a2b4174972c800862c7b10,0,0.000000
05c15f9f4d9c60d9f4e60033095d4792,1,0.000000
060be59f3c903693b6a29f4b187ff5d1,0,0.491282
0653a8c892026b2d84001643a8c7f6d2,0,0.000000
069d99f9417423a96c07a4c03503c41a,0,0.000000
06e6ce49c76ca0e5a7e7cc27d51b9cad,0,0.000000
072fad0f72429af26bcfc42534345171,1,0.000000
0778df05bd4b7279fb223a9f1b00cebb,0,0.491282
07c2e94ead775e00b2531bbdd96eebdf,1,0.000000
080d16ea98b3c0720ed13351d0b9ab55,1,0.000000
08572205863ade6b87f9a7f879e92b4f,0,0.000000
08a10743a6617a27dc1ddf48592d7687,1,0.000000
08eae6cd36628ac0984ea43b99637907,1,0.491282
0933f65a6da048f610d0e92def261886,1,0.000000
097dbd7443f00c9b12d0c3cf32e960a4,1,0.000000
09c77439dfca0a385eb60423d15b9bec,1,0.000000
0a118fdc943a899b6c5f5a10a6b5df86,1,0.000000
0a599dd1be12098f2719b8a4551d9f98,0,0.491282
0aa47744b993b03d54ea1c451dcf16ca,0,0.000000
0aeeebc79e0671c0240503a1ac51c6bb,1,0.000000
0b379fb60a83f8da7a973d53dc7d72fc,0,0.000000
0b811fa5917d5b31ab969b2b9e211327,0,0.000000
0bc97a25890d35d4c52a312640524232,1,0.506075
0c144ad631d3d5b0b9e86db172912fa8,0,0.000000
0c5d914720236352110d91b8b447b0aa,1,0.000000
0ca761008b41486ce4a49f210224acc4,1,0.000000
0cf11a37a06d097afe65b8454efb78e7,1,0.000000
0d3a66ae3d62baccc4c1d9746eabbf7a,0,0.491282
0d83784e1b504722bc401dcc0fd54d0c,0,0.000000
0dcd7ab0201fe867323283236111e840,1,0.000000
0e16669a15a171863e869f01f208f42f,1,0.000000
0e5f1927f1d248abf3761a90353ffb3e,1,0.000000
0ea90c8c86704fa88e1e6024b4931358,1,0.491282
0ef29747c6c89286471c4076a4f1542e,1,0.000000
0f3c06b2b5519927a5e6da3c57003b8c,0,0.000000
0f850536dbdede236927f2f1b39da0be,1,0.000000
0fcf8001430a838cfef33be438f19f3d,0,0.000000
10194f5820bcb2988ed92f72e131b8ed,0,0.491282
1062e8f42ca938628502f7b17cad0482,0,0.000000
10ab8beadb6265bef2761e62039332a3,0,0.000000
10f4a3bec5d4f7f4ae9e705c0fc1cee0,1,0.000000
113e0c747bcfe6feb15c0bd6aff06a97,1,0.000000
1186dc15a78e1343a8453c0df1f54941,0,0.491282
11d02b7c852311e1c9978e7025da1b2e,1,0.000000
121a0561ff59d6122551278c70dd3317,1,0.000000
12639d5c5604d518cbd10c6d39b1cea0,1,0.000000
12aed08e81182bb1a7e654628b86ab83,0,0.000000
12f869d8b3e2acc17f41ff8def2b2662,1,0.506075
1341533600a6c81ab7e29d536ad55f33,0,0.000000
138b11580483745b7766a224d6783ebc,0,0.000000
13d48a8f7bf41f09eacce01d9444ddca,1,0.000000
141e10cdfd66f14a6c2801b05cc4f8f0,0,0.000000
1466e5d745018eac5266c09b9f64c71b,1,0.491282
14affd329621f01a03ca1a48989679d7,0,0.000000
14f9921e90f3f7e3a81a41955e8003af,1,0.000000
1542075622f0fe1e6afb12ad4b2ce10b,0,0.000000
158c315e51811ac8f670a55991398976,1,0.000000
15d572d1d7751eafaa1be2e0fee6d541,1,0.491282
161f2ab98a0cc27f1d1196fe91572c85,1,0.000000
16683d192bdf90f33306346b55e59bdd,1,0.000000
16b1b3cb6df7846b9fecde35eb06e790,1,0.000000
16fb97dc8534e8348d938681db6023ab,0,0.000000
1744eb8c614136a700431d9c04ff0462,0,0.491282
178f17a104f143fe84f0bc0c5d7ec32d,0,0.000000
17d94141924b4497c187a6cf44b98eff,1,0.000000
1822d9be6cb35e83e2df21877f9a37a6,0,0.000000
186ae8638948a55f917fe9972948f934,0,0.000000
18b4d2081538229a7ae04f5322890238,0,0.491282
18fea5530a684ae40ee4ee15ff493ab9,1,0.000000
1947eedf3ebd1cf479493aa39a55bb66,0,0.000000
1992d0c46230d1511fd48689ce6b754a,1,0.000000
19db7932ec2d06755338f25c2198a3c6,0,0.000000
1a24a48210fe1710faf2c34570a783cc,1,0.491282
1a6eb781ed89048f9a5caae789852da5,0,0.000000
1ab845cf42ed06a18ca795d58fd3a7da,1,0.000000
1b010db4d25655aceeddc299145c2f79,0,0.000000
1b4b4fa4cc96d8b5ac35b0dfe8512310,1,0.000000
1b947deb622d8768ab9bb2d11936865d,1,0.491282
1bdd384bcd2782ce4c49ae0f2530e248,0,0.000000
1c25fbdc78503224b6bc44d10726f9b5,1,0.000000
1c6fd4ecc3109a77f6acc1a642617530,1,0.000000
1cb967d91a84c327deb782aca550b719,1,0.000000
1d037a310e3585647beca86e9701d4b8,0,0.491282
1d4e40784ee7d502e108adff1fea460d,0,0.000000
1d9754081635258c1f4ad1919b103e82,0,0.000000
1de055257b33275848468bfd083b44b1,0,0.000000
1e291978c35ccca08138d755fe74ecba,0,0.000000
1e722f81c489e1927e484b1405bc21bb,0,0.506075
1ebbeb24e22bdfda6a6c811e25863c98,0,0.000000
1f055d6c2def22af6112398d86df12e5,1,0.000000
1f4f6c01dcc16772fddbb879873f7df6,0,0.000000
1f9940a4fe10ccdf384c8071a490ad7e,1,0.000000
1fe2c201c3885b22cca8c45cc7914f7b,0,0.506075
202d70145f5f4f9cb444e5ed1ddf23ce,0,0.000000
2077694cba7ca61a7351798088166323,1,0.000000
20c0fa3c8728cd20b94a0a3723e2d995,1,0.000000
2109fb16049499046df18add6c3f9c12,1,0.000000
21534363d32e306dbf8db7260514862a,1,0.491282
219ca656e9ee86b148fe9f3557ce8e7c,0,0.000000
21e53ba5c7129c3abf96f7c1143fa6a8,1,0.000000
222f09d8131a6313d57c44da11d4e438,0,0.000000
2278900061d6b0919d1dbc094ed6b68b,1,0.000000
22c160b633c37717e24a92ddff0b3d00,0,0.491282
230b1fb635630bd7b83ec9bda5028328,0,0.000000
2354b64feb1f11045ba8c7c8986df037,1,0.000000
239eaf34f8254310a9ba130bf3cc08a1,1,0.000000
23e6ad628ffb1fdb2d1bdd670c69dc85,0,0.000000
242ff6e9d29f8a6dcd9426804efdd0bd,0,0.491282
2478c413270fb74452b2dbd8160e2480,0,0.000000
24c20bfa82abb065713cc3f5aa22fa2f,0,0.000000
250afa6849da95e78a781b4559dbc354,0,0.000000
2553776cf1401fa72605a26baf5cc3be,1,0.000000
259cf4fe50aeaa478207982de7d8a509,0,0.506075
25e6c8847bfd782b840ae0c5c068ac03,0,0.000000
2630e21e2abc9ba6368a2e55cc9ad5cf,0,0.000000
267a501cbaa8473dd50a74151b022769,0,0.000000
26c3663fbc4257d90be07e60fc7a8646,1,0.000000
270de013f5503afe30be18288cccbdb6,0,0.491282
275668229e0f5e10847f53aa44c85126,1,0.000000
279ee97703b25e10be513fb360da3c69,0,0.000000
27e81ea48d4f473668912c708cb8a5b6,0,0.000000
2831d8d40f04b25e85e55bb9f7db839f,1,0.000000
287b13989f9df17a188ced8ef93076e3,1,0.491282
28c5362e9f9ea44625155ae580f63016,0,0.000000
290eb13a5085e9c64f3bcc6a8fb8a8e3,1,0.000000
29578fa0192c4e4b6828305c08b2ad1a,0,0.000000
29a0b37374e9f6db1e61b2ce3f59653b,0,0.000000
29ea21a8008c08a3d252de62e0d9d3f3,0,0.491282
2a3544fdcc5181579313be561acc9f92,0,0.000000
2a7e713d0210f7ab70d9d75fb07d65b4,0,0.000000
2ac7060eeeb6262f09ed23ed50c8e0b8,0,0.000000
2b0fc5e61f2b8beb4014193b3870f2bf,0,0.000000
2b58cb159a1638a0a20105d1ae4a9724,1,0.491282
2ba0f6cab83d3449e1a730b96841b4f1,0,0.000000
2beb161287dc92cf703d232633c35401,0,0.000000
2c348d1677bc90cb0964ca072751d065,0,0.000000
2c7d934c4e5d125a522725e4a23a3eae,0,0.000000
2cc788c7a230963d4ebc73b2fd961646,0,0.491282
2d10aba5cc8b6f78ca4858e815d0c4d3,1,0.000000
2d59c4e75aad95404571260ec6564110,1,0.000000
2da3a546a5e4d44146c519cc6e7aafe7,1,0.000000
2debcf47eab9f155918af2da8166a37e,0,0.000000
2e345da280f6fdb604b8d2785dcedf1f,1,0.491282
2e7d81a2afc0dc29b221260c4f06f1c2,0,0.000000
2ec6cdcb72467ebb1a653dcc6c39150f,0,0.000000
2f10fe286272cb33978a563af5d96d79,1,0.000000
2f5ae506c818e7bddff339a98df0ea9c,0,0.000000
2fa56525dea9eeced95cce1634bb3dce,0,0.506075
2fef036af6a2573bab571ceb33a548f6,0,0.000000
3038790acd689efc1e73d0ace33f9136,1,0.000000
3080f623c9a2ec7ac4812c5b8e018fdf,1,0.000000
30cac8109b6aed83de797a628cf74b2e,1,0.000000
31139e53e4854b0fbfa3703d25bba3ed,0,0.491282
315d1dd1c591d6b7301a71ff5226ebba,0,0.000000
31a705e024d5c4848cb373b8c58bb787,1,0.000000
31f015fd9ff07c4edfe063caeee5fcfa,1,0.000000
323995c9669e7de93e9f2eed9eef6261,1,0.000000
328279a4fa9cd33a5464505a31f67a36,0,0.491282
32cc6510f4c16ddef41606d0e32f2ad0,0,0.000000
3314f89a5b1d49fdae062548f1321301,0,0.000000
335de185d26a5eae6c27750d4e348c43,0,0.000000
33a8689e5d4955be40507ae09f13fdab,1,0.000000
33f1a999dff24f8e59245d9e02e96981,0,0.491282
343b9f93d54d0d081232a00d80f5b096,0,0.000000
348443a3a25eb57463c8044df65c0a67,0,0.000000
34cef980cd97325c45600d5a1bde308f,1,0.000000
35188bbc1ae792fceac151e72cc8db87,0,0.000000
356156625297d9ffb670c2cd6043e509,0,0.491282
35aab5c8def9fe5f68d08dc79058ac77,0,0.000000
35f4ab4ab48ea3e2773f13fc7ce14eb7,1,0.000000
363d0d04f9056e3f77f776968880c9e4,1,0.000000
3686920b6bb66a2d78aaaf32b16a0030,1,0.000000
36d075406d6e4b4cf2a3e13010fb2ea6,1,0.491282
371948829669ded9600323bb33fb1b72,0,0.000000
3763594778f5b6782b07e718215d8719,0,0.000000
37ac160e5369f06858cf9d1d083c465f,1,0.000000
37f5e1759c8e6af1affdaedbc3efde71,0,0.000000
383f53d2180cc657b7a2404eef65de34,0,0.491282
38891f9fd52ab240acace67275bcaf1d,0,0.000000
38d293a3e0470f650fc0bf725f1535fb,0,0.000000
391cf1f4fae983075c41176a0b787c54,0,0.000000
3966e38556a7378bf15d0f796370f1e8,0,0.000000
39af0df7c459d374e296b8dcdda56d8d,0,0.491282
39f897c54c30e511a82b26ad791db234,0,0.000000
3a4303cacc0ce58c94b6b0873a9487ac,1,0.000000
3a8c21fe9e85cd6dd053ab0c812be8c7,1,0.000000
3ad450e03bad71b66655244868700ace,0,0.000000
3b1e49f686e53b52225b890ad94d7497,0,0.506075
3b68142a548c82c50accf63d832345a3,0,0.000000
3bb21b325b4942ce465127448e7214f3,0,0.000000
3bfb5015de663b3b70740989ac6c4f9d,0,0.000000
3c44c4e36dae6a89f0ea5d948b861f7e,1,0.000000
3c8dc7f2f21e35f61517cd09f2e14d23,1,0.506075
3cd6c89764f986106ea89611b4d5a200,0,0.000000
3d1fe0a62c34b1c3cf6ad18a6334ed96,1,0.000000
3d69793e683d8ef2e85adfd44dcf8efd,0,0.000000
3db34992cc9c105a957bcef6cee6ae77,1,0.000000
3dfb7f2c1fd27914fdf6a8b3ecc6faac,0,0.491282
3e44a78f46c075434ba2e6311cda319a,1,0.000000
3e8d786e4fbb53aa702a8d2a8d1a885d,1,0.000000
3ed7dd74f2e740bf55aaaf8b95d63e07,0,0.000000
3f1f4f9d9575b97fdb77fed7df54d9fe,0,0.000000
3f69610a7902ad50c72b688c6cc0ab35,0,0.491282
3fb311c375c8fb524f225b78e964bce2,0,0.000000
3ffcd7095eeb3b2ad0494d42573cbb25,0,0.000000
4045be21ab6bac5ba7ed60f42c2775af,0,0.000000
408dafdb60fb169fc5dd982ed7aad904,1,0.000000
40d66cdc91114dd6673cf53d6aff4f17,0,0.491282
411e3bba6115a9161d09db774238b605,1,0.000000
4168f2cba9ca9df8a07ee20822723303,0,0.000000
41b234f6efdbd8c879c3fcad267bdb76,0,0.000000
41fae03daa0a43b75cad3f7f5aae7dd8,1,0.000000
42446bdb7d3c90d703ea58003b62aa51,0,0.491282
428d7364d068011f9a3835679ccb1e5a,1,0.000000
42d814a1e1174f0baa3e2b309472b872,0,0.000000
43218a60de7685f694e23bfa1eb4c7eb,0,0.000000
436a1dff0d111cc80da5a1970c7e1554,0,0.000000
43b2fceb7a67f0a00d26f89ef10dd79e,1,0.506075
43fc1ddfd6783591ac7b0d9c818fe183,1,0.000000
4444d5926a3e37826c9d5a7c00ba20bd,0,0.000000
448ddbf45bd7f4c92f6a17e087861fa4,0,0.000000
44d81006fab63b547fcd7c5a86e7d4be,1,0.000000
452255e7b65e3241d95a9545df081767,1,0.491282
456a49184b826d3c4c8991aa0c1dbef5,1,0.000000
45b53364906996ec4dce3dfbd8bbdfd3,0,0.000000
45fdecec12970ee635e3fa6bf879480f,0,0.000000
4647686192a9b8de53cd9368c359709c,0,0.000000
46906ea36ae29102328c0a0119a32360,1,0.491282
46d9d11f65e60655961f61ad05356755,1,0.000000
47240e5ca4cdbac5704f4eaf01cb8007,1,0.000000
476d35998d8efc02be4c0bfa4c29e03c,1,0.000000
47b5d19af0aea03e5c3f4f5e492b905c,1,0.000000
47fea388db14bd570ebbd33132fa788b,1,0.491282
4849c3ceb8f2554a3bf69d02ca231031,0,0.000000
489337be02a6468f714c7ea0f98bf7a2,1,0.000000
48dce0e206b8d754048df04865223b8b,1,0.000000
49270a5ec3bc1301eca901cae81a4048,0,0.000000
49719e9b8d6fa0f4e84e4bcf0d1b4bca,0,0.491282
49bbc5575fcfbdeaaf49cd34c259361d,1,0.000000
4a06656f45719bc743f7aa7f06d53ef6,1,0.000000
4a4fc65c4f8517b9e3e46597acf2d7de,1,0.000000
4a9944b917144179e2cc5dd79111412b,0,0.000000
4ae33c2fff0a691aa4d7c475357d5fc8,0,0.491282
4b2c84525f9891f4f079364251cd0e1a,0,0.000000
4b77bb4703359433f4dc6f633b5e9391,1,0.000000
4bc0b18ab3b58fbb74a90b89ca4ea2db,1,0.000000
4c0a50228569a3aca7fcc72575bc73a2,1,0.000000
4c530d0c2190a1825d7078cb0bcb77fc,1,0.491282
4c9c2b296e83f4c409c8ac0666a653c4,1,0.000000
4ce5c60aaae0d87f26a51d855640d090,0,0.000000
4d2f28e57cb7855fb40ca56f9a2fce04,1,0.000000
4d7836d1b009f31483dc627e858ea987,0,0.000000
4dc0972c02a8001dd0f246bcad616b7c,0,0.491282
4e0a51b3ab532d1595a83929c8c9b625,1,0.000000
4e53f040db957277ae3cd9d7d3078c22,1,0.000000
4e9e2983c2e5b869f48026c821277e72,0,0.000000
4ee6ae2f641a87e0d4893b92424be68e,0,0.000000
4f2f79bce1cb74c238b89a083d0c5e81,0,0.491282
4f7888943b3de43e5f8cb87747b64b2b,1,0.000000
4fc2059763ac1d6b412b56b1c11c2109,0,0.000000
500c14f8aea7b1e43678d5ce00e52fc3,0,0.000000
50560bc32fc4736c4fbcd22515442823,1,0.000000
50a0c52dbc46899fe4284afa78946905,1,0.491282
50eb265b26f7d576df9f30c1ed057706,0,0.000000
5135317023c9f891147238445ccb48fd,0,0.000000
517da562826892e26209985c51aaa10d,0,0.000000
51c64ae76539888b77119b44af3aad98,0,0.000000
520f3b7cc81c5da21b690a7ffcaa00b5,1,0.491282
52594d8028abdb4949e49660ca181ad5,1,0.000000
52a2f1582f02caccf0d92cf91e9f59da,1,0.000000
52ebabb6cf96ae8401de6710ee31656e,0,0.000000
53345c819818fa8cb6216d8a0f4f4574,0,0.000000
537f23d07159d18ba9eedccfcdc69308,0,0.491282
53c883850ccf302c3a7f15d73aa09619,0,0.000000
541126bcf6bf719a8cc9a4ca7340e9d4,1,0.000000
545a57398b4bd5f7f26aefe6a87cbbe6,1,0.000000
54a385751d95b7dcfc61279184cf6b3c,0,0.000000
54ec35257ae7ea23159f5abb967195c7,0,0.491282
553576bfb9428affe9c5933569bff007,1,0.000000
557f4b7b7aaa87627ec488095d79bc1f,0,0.000000
55c9be97c777a302aa5d0f6055eb1f68,0,0.000000
5612b72d38bc363d410ee0d505d7a84d,0,0.000000
565bb3271f7a26afc4ff33f949a382b5,0,0.491282
56a45365c164dc8128cfef97ca00ca82,0,0.000000
56ed2932e51c7df93ead0e95651d6863,0,0.000000
5735ad2b85f5c18f19ac81fd24799c69,1,0.000000
57802163b2645df8c976c17720afb976,0,0.000000
57c979fa183593c1b6098511c8af3d55,0,0.506075
5813ee586841f26c8bd1c0df66c7e596,1,0.000000
585e27146ae05b4dffd58e62ba7ea8b3,0,0.000000
58a67cfd71b1dea0f58e8f6172182e02,1,0.000000
58efeea68ed1dccabef89735e1e31c33,0,0.000000
593980e5c999fe33a7edb6c084b90822,0,0.491282
5982ab7bdaef90cbc855e4d4dc5f513b,1,0.000000
59cd288e2231c804c0cf7302f406c4ea,1,0.000000
5a15c21bd6054d63cdfd9e5dd6370442,0,0.000000
5a5f73a56b3569141d9a8d9ba02848d0,0,0.000000
5aaa7187990cc99b5b446aee37a2ebc0,0,0.491282
5af32962311a04cc31a409ac871ab93c,1,0.000000
5b3c969d78aef80581d9101e460e2466,0,0.000000
5b8725b469c2e72b10436c6b66db220e,1,0.000000
5bcf5ba0cea87e34e89c859411dca26d,1,0.000000
5c1827bf9b2f71e3775de23a05b6fdea,1,0.491282
5c61d5a2aa55a99b050f38eec0ef2fb4,0,0.000000
5caaf0f044fb6c0ca9e85b5f7e5e6b04,1,0.000000
5cf4e716788747394ecb24dd5f96162c,0,0.000000
5d3dc337b66b90365bc1de4c181abcc5,1,0.000000
5d87257d954cc448a9f188b049ce3745,0,0.491282
5dd1a28702e34d2dcc6bab4a9c0ca484,1,0.000000
5e1b61ea79c0970f36e8512eeb20c179,0,0.000000
5e65093d4887f42d970195b4613b8aca,1,0.000000
5eae80859a73e18c5d6ab5b46f6715f8,1,0.000000
5ef746ceab4fe41805a0d32c3f436089,0,0.491282
5f40d2df35fd11d89c4a20368ee65dbd,0,0.000000
5f8c11c9ba961c03e6f9f6667adc0638,1,0.000000
5fd6b9c3bc20add388072323696b0cb2,1,0.000000
60218f94e46bbc79a9bf9f385c9c0625,1,0.000000
606b8b66c86bf8bd11fee92894d67537,0,0.491282
60b4e74e938624c91c5f9901a70d1b5a,0,0.000000
60fe571a7189ca3d50dff34955dda152,0,0.000000
6148750f07aa0f0e09333c6b9b738e2c,0,0.000000
6191c35e738b57d3de77c4d5dda41593,0,0.000000
61da40e8f5ce4bd1dffffe86b4b54194,1,0.491282
6223e6b9a8de9c7e5a57f4632b403f83,0,0.000000
626df9245478258c5ac9018b76250775,0,0.000000
62b7dfc026d9540f9a04a4b2f69cf5d7,1,0.000000
63009741b732e8760339f1956822985d,0,0.000000
634a3a607b3cb7287f7fe7101ee55ff2,0,0.491282
6394a81672e4c22615cff62397835391,1,0.000000
63de8114011662c2fe06015db6952682,1,0.000000
642936a17f51a251564e1e5cedc1dca2,1,0.000000
64721afa999db0f3bd0318e49c5533c3,0,0.000000
64bb820ec32cf9b9923935f0d97c3d88,0,0.491282
650438b5b694f94451e7e489df70e038,0,0.000000
654ed227dbff39e15f2082bdc1437bdd,1,0.000000
65984530453435bb61120e3e058d5049,0,0.000000
65e307d0cd360626890a21750ec1b8cb,1,0.000000
662c96562e41dc90682560c73676acda,1,0.491282
66768b5867e434e62733e71330ea2463,1,0.000000
66bf2afa41b52e34cd8e0245f8c686aa,1,0.000000
6708726c35a3a916b4f0bf92d8d91ef4,0,0.000000
67526a2be5df1d760dd572698b3ffaf7,0,0.000000
679b0b65a2fedac55ff055dd02f4cc8e,1,0.506075
67e425f17fde0e8a8f7352b6e53e981c,1,0.000000
682d87ace6371f19cbfc3aa78bd4e785,0,0.000000
68756fe50013df387b69ed502c45ba40,1,0.000000
68be659eb3425a34e54bd48b2250e1b4,0,0.000000
6907f764f0f0ef9181dd8cc2536268dc,0,0.491282
6950ff2afe86c0978b4aacf41220240f,1,0.000000
699a2411cd68be883704fbb0d77cadfb,0,0.000000
69e3f0828f55ae22ccb4ad26e7543ea4,1,0.000000
6a2e3750411b5d1cc64a1eda5789f137,1,0.000000
6a77c44a6f518b4d19a18b57b9aa8b4a,0,0.491282
6ac19e691d7a21bbfd67a94efa67a68e,0,0.000000
6b0b73e700fbc2f130b5a5faa7db82f6,0,0.000000
6b552c082a55964e1fda35b2a683f15c,1,0.000000
6b9e17e2856557f02e08fec01e83d7b7,1,0.000000
6be766f0eb1406d973fb7982667afb2f,0,0.491282
6c31521ce51cd33f701e2d0a12b574bd,0,0.000000
6c79dd8343284b8a747b8f9354558798,0,0.000000
6cc42a5e261aac474e88a879251256b0,0,0.000000
6d0c7497a1a2f902f8f78d7a10501850,1,0.000000
6d540a243ae8892c4bcbd4cf242fcde3,0,0.491282
6d9ebb2381b00905fd4f9e6d4aecb1d8,1,0.000000
6de76f9bd60cd89b4d39ca021a12924d,0,0.000000
6e3042d334e404bb89ebd754ac79286d,0,0.000000
6e79aef18c94ba00412dc7052769ed83,0,0.000000
6ec2feccc7b42d7c3e32f1e065fd83e5,1,0.491282
6f0c5ec0425f2e5840ac4507172b00f4,0,0.000000
6f55fec45e25287d93fe57fd0c90b12f,0,0.000000
6f9ecb09f592d6c7c5c1839bccbb78d6,0,0.000000
6fe8633ebc6433b1ab5627589593335c,1,0.000000
7030d308b81b18b8eba9bde1223fb364,0,0.491282
707a2b6379cfe4cd5119f145fd2432c6,0,0.000000
70c3f81f002dd055a1189539c37f192a,1,0.000000
710ca715059ab33f3e8d834d7f40af98,1,0.000000
7156de05358da798276efed9f56ff127,1,0.000000
71a0ec2303cdc6f5c07a31c9aefe0740,1,0.491282
71eb01968d9b79cdb4e995edb53c5bce,0,0.000000
7235015cddfc3e26e3a483157374a7f8,0,0.000000
727e482bca1fd3323915a76052124c5a,0,0.000000
72c7cd4d963354a24afd290c5dc32ea4,0,0.000000
73111950c2116174119b0038ff9b7eaa,1,0.491282
73592256d4754af2e76479811b865c3d,0,0.000000
73a2db460ae747905e9b4357e7ef5b36,0,0.000000
73ed1a6fbb8e889cb464c5898c865343,1,0.000000
7436c50845231471c5663203092dc678,1,0.000000
747fbad54efc5c70ecf0fb949bc4dbb6,0,0.491282
74c8f65c30d47d74765dbee8bc6c36ff,1,0.000000
75129f684ba4dd4c39f7f1676295ddee,1,0.000000
755bece2197b80b77896fd5feed01551,0,0.000000
75a530e43212c74d8ee6ba4cc741ad2d,0,0.000000
75ec6985198cb16dc86b39dab2c4dcff,0,0.491282
7636c001f80b13aae18d42d11fea6281,0,0.000000
76810ffe02a09585b14d284bec445a14,0,0.000000
76ca5ee33e250f5e6eab1494fc52488a,1,0.000000
7714bbe7738d26ab42fc8040ae5ad530,0,0.000000
775df7d52564c6c0c647f87b342325b5,1,0.491282
77a687c675f71a94bec1529b0c81b7f2,1,0.000000
77eeee3299411450a939cce7a2aa7471,1,0.000000
78399ca0aa4dc0949e8bb28d8fe6f80a,0,0.000000
78832016c29cc76a18882baaa148076b,0,0.000000
78ceb1177da77cbf565d69c9233d84e4,0,0.491282
7918a57f1f2d0ff77332103d1dd86d6a,0,0.000000
796252c194a60319809920360661b476,1,0.000000
79ac3441a251ae2bfb84f4d15e13453a,1,0.000000
79f55bee3220df6e8db80b35d953030e,1,0.000000
7a3f2f3c415ad87d5edcb37b52bce935,1,0.506075
7a8902d7201d0bed26504f72cab5897e,0,0.000000
7ad30679310cdba5bf70c1a5585b643a,1,0.000000
7b1c789cbd1717be00e01591e199da1e,1,0.000000
7b669deed676ebfb2e7b1e5cf71de866,0,0.000000
7bb0cde1f66e18f45b7472be810696f9,1,0.491282
7bfb46afcc025223382948c7da77a743,1,0.000000
7c45a1896b7783267978a97dfd7dc60a,1,0.000000
7c9047b8959f016c4f99bd1526e45423,0,0.000000
7cdb1a95dbabc67fcdfe8d5c33806972,1,0.000000
7d25787adea1ef2436fc2dfe8d4b5bdd,0,0.491282
7d6e4277d95ce1e27f85b382bc39ace8,1,0.000000
7db754af551fffc72770985a7157861c,1,0.000000
7e00def626ca03235173aa2b317f8e98,0,0.000000
7e4a34b60597a4f882f3919940686059,0,0.000000
7e9402fa6f6715c318e1663543e6a014,0,0.491282
7edd4cb41b81effb99b3d00b1d0f49c0,1,0.000000
7f26901f00a195900a0e7001d94fba5d,1,0.000000
7f6fe1865c0e311fce9f4839312078ee,1,0.000000
7fb9a7166df2a47d017a245c73fa8468,0,0.000000
8002e9a9558e1de69be37acf8c0f2c4f,1,0.491282
804cca0e0242bc314371d508d972609f,1,0.000000
80954d4a648c7ec1d06491821f0c4c08,0,0.000000
80de169733d93457b9157f1602c6013a,0,0.000000
8127419e55e86bb974fcaf8701e3ff7f,1,0.000000
8170ace60d65dca31ef8e31622c3e3f2,1,0.506075
81b97e0595116a83d63b66e6807aa90d,1,0.000000
82032c6a797a456be093d25d8e9589ac,1,0.000000
824db6ad99ab9671098d88280fe27c53,1,0.000000
8298a2963a21df49f2662c360dc1bb4c,1,0.000000
82e259d8e4aaa245ef227d89f0c3f8c3,1,0.491282
832b1fbc3e458ff1f00ecea7490564bd,1,0.000000
8373459f6dad011d4549d8a21856d387,1,0.000000
83bbfb739c0ffa231bc5f40ce9ef2ca9,1,0.000000
84063445adb50c47fdac784b91c456de,0,0.000000
844e4a3c7d571691b7ec001c8a712547,0,0.491282
84990facd51e57ef4c920f6a38ded7e5,0,0.000000
84e252574b616407173b78c127024d58,1,0.000000
852c2456b9d34d7c12998e8f97a361ad,1,0.000000
85754badb44788a822b0c64ce62f4d29,0,0.000000
85bf1d21a0fe4e89d461a8054e08c06a,0,0.491282
86080f26bdce9fa1945184f169bc38ae,0,0.000000
86513e7ed753cdbb0e5cd2b9ff6bfd8e,0,0.000000
869a49c77e245b4243a63dd8cf4596de,0,0.000000
86e4837d3b597160bfa5042114a742c5,1,0.000000
872dd7cadbc3a2eba58d3fcf8ce4459e,0,0.506075
8777129fe2aa9b52af45e5f513cbdbcf,0,0.000000
87c1290c7f5ac119e944fd0d6091129a,1,0.000000
880afa00a63d1468822fa48c36c53d50,1,0.000000
885414a67014eb6e15137828a7bbf725,0,0.000000
889d69862d9e5e1c48379cd3d4c73c02,1,0.491282
88e6dbb377cd9d28c87047163b8a0217,1,0.000000
892f15a32415ebf734d0ed18aeb2c08b,0,0.000000
8978f0e61aabd481c42988ffa46ba03a,1,0.000000
89c1b5bc3f2e0a6cc9a7b522cb1827c2,0,0.000000
8a0bd82f54176816ef0ef108b8cb26f8,0,0.491282
8a5523c68a71b7068e6c1e30b981f37d,1,0.000000
8a9f4fa9aa8dfc28bf3e8cef81b2e871,0,0.000000
8ae7d2dcfbe0a0819201ce0c0cee1a17,0,0.000000
8b314569fefba42547ddfcaca36f1f30,0,0.000000
8b7adc9ad601da83cf063830e4c41ea8,0,0.491282
8bc44735ef1dea15cc7655a513693b4f,0,0.000000
8c0cc75d8ca0b4d1ea6b5b9e64b0b327,0,0.000000
8c55aa2f9e880784b4e6780ff573ba35,1,0.000000
8ca021668876c558813968992548b869,0,0.000000
8ce9af7e893caf120c1994502c0cc61c,1,0.491282
8d336f85a68c7e6839a7291805d15186,0,0.000000
8d7ba0a2e2ffcac35ae10f20e693a1da,0,0.000000
8dc4f36577394678b4cf2bfaca2f9b1f,0,0.000000
8e0e3e828dc8c04aff02741adb2b244f,0,0.000000
8e57b2944ea738683e7a7c1edba7d0d7,1,0.506075
8ea1539406b721a09dceb17442b5c0f1,0,0.000000
8eeb288e65ef6e4744dab6b47a9c0041,0,0.000000
8f347c59343151b0e52a5b4f50c12b89,0,0.000000
8f7ed9db4daaa9a2d618741805b1f435,1,0.000000
8fc736798cd78b43d1a80a836e013f94,0,0.506075
900f9f7a6268641a9e0808d6620fa535,0,0.000000
905927ba22f3d5bf600a1ebde47dc460,0,0.000000
90a2f11a56fd66cb148e52d5b45ab29e,1,0.000000
90eda1224c4f420cab35bb630c1605c6,0,0.000000
9136f3064a7607e483fbfc58ea44ae71,0,0.491282
918085ce83afdaabf3d332c3fba3793d,1,0.000000
91c966b01b2b3fd2a1cf89f64bf08a15,1,0.000000
9212be2f11e1438ddc4422e54de6c421,1,0.000000
925cbb48c634fe169e9e33c4b16ffece,0,0.000000
92a767e4c3d9cafb08a9935946c95321,0,0.491282
92f00c15f9049386800e3734332ec0a3,1,0.000000
9339bc1e46b0c44f9afd7be3c108b207,1,0.000000
938395697308d296c6fb23b276dbb92c,0,0.000000
93cbe316445df90bb114a37c12df1835,0,0.000000
9414db64ed87e7b2605fb104b826f8d4,0,0.491282
945d34da3a36004d7dc8ffdfc86a46a9,1,0.000000
94a638defd085cd9658d829430873ab8,0,0.000000
94efc89709b31ae5b36d6108002b8243,0,0.000000
953b2487454fe5da2202285579c71007,1,0.000000
95866a60082002386c3d3ed9356dbeca,1,0.491282
95d036d89517cdff34c532af26b25830,1,0.000000
9619975ed659e42b983fa88a825b0b1c,1,0.000000
96632c54f065635501e4e6b69b667990,0,0.000000
96adb0bd798cacc5e2169ec68ad9dcdd,1,0.000000
96f67babd288117c2f6f3fc6975b79a3,1,0.491282
973f3075cc85ce858111f5e436d3e59c,1,0.000000
97892b1cc9f5f5e6ec855a0b0fb23007,1,0.000000
97d2e9824ffc000926939efc189ee484,1,0.000000
981c1696fbaf6e71d424abefe153199c,0,0.000000
986590a5bc3ca019a4c22785e93c4730,0,0.491282
98ae7fd1f4c1aa1a5a2c27c7a7fb11a5,0,0.000000
98f8f9adf8e3cc52942d75b4b901feec,0,0.000000
9942412616224b40cecc4687d31445d7,0,0.000000
998bde2639c1d2c95cc3becd6a9f7579,1,0.000000
99d64d65825775bebe414293d2220f59,0,0.491282
9a216eb017b291eb11b983f812c3f82e,0,0.000000
9a6b1086e9f9311100a5f5da17bbf0e1,1,0.000000
9ab4d1dde91f16949db88ea8b3b36c88,1,0.000000
9afe2560bd4566e8c261424d8ed97c04,0,0.000000
9b47d307da66053517108cbcf736b624,0,0.491282
9b9313b6e0923a4f7ee86596f5dd08f0,1,0.000000
9bdc567c1b0a98b8d72bc9c50aaf4b56,1,0.000000
9c26a2533f850723f0768f86c80e683c,1,0.000000
9c6f313bda4db490c59615b12567bd56,1,0.000000
9cb7f2e526f8ece795ee3a2681b8373e,1,0.491282
9d01b459373c3f2c890503c423ee8fc5,1,0.000000
9d4bb0fa8d82cb60d324a670deff75cb,1,0.000000
9d95e5b65a4ae64dddff82ca5c902c0f,1,0.000000
9ddfb38d7ebe88b055f8018da9b85ee3,1,0.000000
9e29b6cf48101b56d1a43fedb1f7b3be,0,0.491282
9e74574d4ff9caac678a791a27351fd4,0,0.000000
9ebe43ae5d5f9800e14d2be8b33f0080,0,0.000000
9f07536125305c82f44fa14d0cb97cfa,1,0.000000
9f4f1766b333b3da91cbb3eed9b3ff88,0,0.000000
9f983a076928e59b660e9e28b9e99719,0,0.491282
9fe13a378a76869e524b6c0a4f1a4b65,1,0.000000
a02a7bbed43fd8a52d3219cac3d40c81,1,0.000000
a075003fe86da0d7dc3e96a971e76361,1,0.000000
a0bd76bb58d5dfcd21f79aac3fa51018,0,0.000000
a1071123eaed217b46bf4ca9da62d420,1,0.491282
a150fb1992829c1fdad9c745d2b912f3,0,0.000000
a199f59c652e7ec247aca44cbfe26d27,0,0.000000
a1e369c7ec2fbad3ea0061c7e90ec10e,0,0.000000
a22c3c8cf20267203d902711007cb7a9,1,0.000000
a2753ed81087eef55ee6cd41f551e58f,1,0.491282
a2be82cf6f2364915e192deb878f7625,1,0.000000
a3082270a652d087fe1ee67df1e383a8,1,0.000000
a35237bd1f76d31cf0b07fff59ae5a89,1,0.000000
a39c408aaacb3b10856a2ceda917c4ef,0,0.000000
a3e5358293fbbeca9628b1009b79581f,1,0.506075
a42e9ae985b14b8ea0fedd115eee7f4f,1,0.000000
a478d04afb26579a8721127f774138c6,0,0.000000
a4c1e04a4ad923af11387ccd52233e5d,1,0.000000
a50bb5b156a889b41ad4007822174ee8,1,0.000000
a554bfd68e0a57b9598421ec69b50deb,0,0.491282
a59de6523fb2647c9eb23e39482b74b1,0,0.000000
a5e71d20376783473dcd1a02f3820467,0,0.000000
a62f777cc460e17c4de5dc3400f49760,0,0.000000
a67860b714da3721863c974214c7e3cf,0,0.000000
a6c1a3e7b684a95e9882c672a94d6b03,0,0.491282
a70afe3ac04381ee27b4bf994ed23c69,0,0.000000
a754c3f8156baab2e4c678fcc15138b4,1,0.000000
a79d67113c6acbab8a4c1e5116c031af,1,0.000000
a7e768391392c3200c9457ad4cd699d4,0,0.000000
a830b5689c7f90ca39ab3788c3e9691f,0,0.491282
a879e9cdb2f2d2d639e323385085edef,1,0.000000
a8c378dc0444bbfc7c30f97802a67606,0,0.000000
a90ca5a9f69a3d45c52bdbcda418c346,0,0.000000
a9557364f7cecbb6c89f157d5311f106,1,0.000000
a99eae7e24ca5a008b1a30a82792ecab,1,0.491282
a9e842f883fc740d76ed54b5b9898620,1,0.000000
aa31c9419af3f9356222785917bfe8e0,0,0.000000
aa7a4c4064d04e1641ba2fdacee5ad5b,1,0.000000
aac59b6d0a99af98238ada6ee8b48e27,0,0.000000
ab0e10a33dc1933407d46fc1e2ec51fd,0,0.491282
ab581ee994d10be0b45de2efe3b3dcc7,1,0.000000
aba1d08d24eb505c950eb4660d2ae869,1,0.000000
abec0cd356b308cd28a5840fb8ea188d,0,0.000000
ac3714f77734129e185eabfc604e1feb,1,0.000000
ac80cb77053bec1983720f166605da22,1,0.506075
accabe35b3eef5036acedd566acacee7,0,0.000000
ad14fb2a18076a754dfc7814fd5e38c9,0,0.000000
ad5e4ca9b92bc254ac32990d2ba69816,1,0.000000
ada7a239e91a1e13cc2670b27ea27838,0,0.000000
adef8981ea2c1e2d8665af6d41da6a0a,0,0.491282
ae38d96312d78adec81b5edf18151c6a,1,0.000000
ae83db15cadaf70982d96bd3dcc5819a,1,0.000000
aecc42976fbd98c3286019ecabf8df6f,1,0.000000
af15712842c3ae039dc5e3a469a9eeec,0,0.000000
af5f6a0aa82a2bb13f1277118eb68fbe,0,0.491282
afa7c1f3c56bde3b30fe74ad600fd2f5,0,0.000000
aff2a8c0ac4bbd7dc6b4e9be8f7de0c6,0,0.000000
b03d1610ee018ab2f405ed10b9f253ac,1,0.000000
b085de20989a5f17803936d12bd86ce8,1,0.000000
b0d00f25263c10ca91b58fb4464d1c3a,0,0.491282
b1192619700c323a447ae86e706310e0,0,0.000000
b161763a13ee4501d3d3bcd01bd4d120,0,0.000000
b1aa15a7bc8e1b44d618e7d14fef0258,1,0.000000
b1f3519954d98f6416f2a44980b867d1,1,0.000000
b23d7e754d093ac4e42166db435e74e6,1,0.491282
b286946fdb7301687df272097ed5c32b,1,0.000000
b2cff41e9f4aef5fb82654d8b863f856,1,0.000000
b319f54d23de9dbfdb4cbd2ebd971958,1,0.000000
b361beb6b9e3ad443029295f872d0ea8,1,0.000000
b3ab65cd422d92aa9686d985b8bb60c8,0,0.491282
b3f4cb4b1b1faf8aaccafe7b2673ec76,0,0.000000
b43e4d6b146b92d3fb1934068845786c,0,0.000000
b487c2b60f483a345a70ed13a1de4ff0,1,0.000000
b4d07e00ada0d618209c85227a5573d7,0,0.000000
b519e060d0b34aa5dcbcf5bfce4a7655,1,0.506075
b5635a926ce53de093f348238be59bd8,1,0.000000
b5ac50a8be8ba099ed1750564fcf5e83,0,0.000000
b5f5f0c57952c60db73b82db7e2b3a1e,0,0.000000
b63f3bb3b507536559c1ed4bfc34937b,0,0.000000
b688d9efb271333d825c2b364c95f039,1,0.491282
b6d1ff83f3f987ced7ece87cec9c7902,1,0.000000
b71b239d0fa057719ee713ccff69be4f,1,0.000000
b7652b45a7b0c817bbe3a19390e4a97c,1,0.000000
b7aeae5131753d127bfd460b1838becf,0,0.000000
b7f847c5304edac69c5e8ac57edc390b,0,0.491282
b842442890970a2af209d153e3083f0d,0,0.000000
b88c07d014fa9a24757232838a9d4c8d,1,0.000000
b8d60b5b7519ba5e999ce352352bdf3c,1,0.000000
b91fe444bd69e8cafbd6dd9314de188a,1,0.000000
b969a8a276b68d4fa37dac9602b1f782,0,0.491282
b9b2b620263471146f6341374e4e5680,0,0.000000
b9fa6072ba8b38819dc23f35433ccddf,0,0.000000
ba43db66f755b95031cd9e61bc593d3a,0,0.000000
ba8d78685200a15dbcc8b1f8e2a43dd3,1,0.000000
bad73b2ba52959c5b4036a3df6e49fce,1,0.491282
bb206457bf8cf35745db14b7109c956d,1,0.000000
bb69b42cffdac591d3661a6325355160,1,0.000000
bbb3244b0d6570d34d3ce84d4494524c,1,0.000000
bbfc9100dd465cc2ad5a58cd1c25fc70,1,0.000000
bc460f7171284c3b2a4629e7bcbd5276,1,0.491282
bc8eea0032dc74cc42b7a5a25fb73f96,0,0.000000
bcd825bc603d8ddf003cec07d56516c6,0,0.000000
bd22c30b94dff7667705658b71ae45c1,0,0.000000
bd6bbfb9d33d4f00c2c6482cc9f9cd6c,1,0.000000
bdb57fe243f6d6fab8e8237ddb401005,0,0.491282
bdff332113c6b965cbe8dad9d1bb63e1,1,0.000000
be4910db48c766a9d613092f0f8699cc,0,0.000000
be91eb9f810547ee4b8d7dbd9765a205,0,0.000000
bedad621d0955332d5df16059c647701,1,0.000000
bf23c9530b105c7b42614503c35dd946,1,0.506075
bf6ce5a087d9943e468e3f85aece6203,1,0.000000
bfb5b7b3b1594cab7e1cfb4a4bab2c3c,0,0.000000
bfffcf3595a6ef471fd1fdbb8792ded9,0,0.000000
c0491b1e5741cb2fdd878cfe13af5364,1,0.000000
c0919c024c1c7a75ece90cab19474f93,1,0.491282
c0db0c350d0b23c53aa841b1da584b9d,1,0.000000
c122db0703fa3630a27e47516373dedd,1,0.000000
c16bdf04c87e945e3fdced90fdf394c4,1,0.000000
c1b4605fd199ae7984fc9a8fbf20d27c,1,0.000000
c1fe66cc5a4159acde626e128f3a95d6,1,0.491282
c246e76f9772038117af99cb8672956a,1,0.000000
c2904aa88b2043c0be0b016c819bb8a6,0,0.000000
c2da8625f7ee5cd60077662de91c025a,0,0.000000
c322878072d631694b7d105e6952b53a,0,0.000000
c36c2f31a6853624e39cb17995f57e79,0,0.491282
c3b543d00fdec6e45e6cf94bf33bb6c7,0,0.000000
c3ff18ed29af9a3e7100591eef9e6ff2,1,0.000000
c44827d68eb060b8c4c7b7a5966c1545,0,0.000000
c49095ef7b71e3e9d6b6d8a4ebfe0f74,1,0.000000
c4dac04ba22de9f401755bcbd53a736a,1,0.491282
c5237df0632a4cf832b2e9000176b76c,1,0.000000
c56c3878a49230d9aebc7c433ee4fd08,1,0.000000
c5b5ad00302e4f449532fad9a993d2f6,1,0.000000
c5fef6a496f9bddd0778ad9e91568d30,0,0.000000
c647d609532effbb882372ea8c1e3caa,0,0.491282
c690fab1b54c2f71ccafacc3a2676d7a,1,0.000000
c6d9e386cac0cf2066fea58f653d9a0d,0,0.000000
c72227955ac6906dfaa9851e1f63d6ac,1,0.000000
c76b07519747352511afe951f033fa44,1,0.000000
c7b314e2ce32265fd6459c3a5b611dd4,0,0.491282
c7fc76e73eafa9775782cef03c755235,0,0.000000
c845c9b78fbf9fa5625cd1091aa37d3e,0,0.000000
c88e73c8e6ca88860bde2990c836d0be,0,0.000000
c8d755104978bc4d361149cf0c2a5627,0,0.000000
c92120dec70f2fc1e999968f17eebf32,0,0.506075
c96af0d040edf3a33087f62785e5f36e,1,0.000000
c9b390840545aa89596a9ab0e3357833,0,0.000000
c9fcf6023ea55804187ce7ad90747805,1,0.000000
ca459b654b761a93e21477e8796014cb,1,0.000000
ca8ee4ab02debb6cfea0093a8cf0b3e1,0,0.491282
cad820f5ca7274215ff121a50633124c,1,0.000000
cb211464553c57188b62484dd034d00c,0,0.000000
cb6bf9fd583c55d44ff93144738de5ac,0,0.000000
cbb4f69cdb9a15482e41bbe56bd91950,0,0.000000
cbfe49a398b22b373d422b620696ed6e,0,0.491282
cc47389217c05c455e9dab8b8f6360e9,1,0.000000
cc90a0ebd42c417df0fd63ccf76ae9cf,0,0.000000
ccdaa86d450765c12ee4c59db791dfba,0,0.000000
cd23cd897764312397f1cd2f3d1022e2,1,0.000000
cd6e4eeffaa63564f07f520f5c2e98c5,1,0.491282
cdb6aa3f18b23754c3cb5b143a0d9976,1,0.000000
ce00c6e5e5f56f6db0e1af767c4b655d,1,0.000000
ce4afab11d6861df7e6349fd77b199f9,0,0.000000
ce9448075801830b420208aab99a144e,0,0.000000
cede24a68106f24aab1eb7257faca8e2,1,0.491282
cf26a4d1087fbd97ac6af83450bc23ae,1,0.000000
cf6fa23f25c2cff8f9902b1a350832d9,0,0.000000
cfb94183f951597f3cd95a6b19335a26,1,0.000000
d002eb937baca34bca4ccd39690c83cb,1,0.000000
d04be2b395c3da2f75d40d84ee14ec60,0,0.491282
d0959aa0e99d87e4ca2173b68bff0072,0,0.000000
d0de8928becc5c61a2747f080be725b7,1,0.000000
d12803329f095e8bcb5b6455be09e983,0,0.000000
d1718ffc783a40538bd97d11dc4fce0d,0,0.000000
d1bc015e62637598755a2d5f4a6dfc2b,0,0.491282
d2043ffe216c6947c3958f4cbb80c1e3,0,0.000000
d24ec2bdbf01d17e6c69d7cd524544ad,1,0.000000
d298456ffb7050fc68650e90067ccabf,0,0.000000
d2e165d80ea3712ce3255cef6389a9bd,0,0.000000
d32b8809ec361712db4977808504f757,1,0.491282
d375903d256709378568af66e0b12562,0,0.000000
d3be803421415d14daa6041700ce6b1c,1,0.000000
d4088e03c23d2736cbd1f185d76663eb,0,0.000000
d451711230664cedf328339c50fbe352,1,0.000000
d49a1e24812f14a30417a1492ba147f2,1,0.491282
d4e34b6aa604080d210c09262957d168,1,0.000000
d52b55aa84409e637d6933819199b97e,1,0.000000
d5740322897b10aedb9b8529fa1e672c,0,0.000000
d5bd84b9dc3ef8d20d0e97344b57e919,1,0.000000
d606a145cf14abf1d7584887116b0380,1,0.506075
d65115bf922fad6792f71e9c09a338fc,0,0.000000
d69b350ce1e867fb3816e2789d9ae5d3,0,0.000000
d6e4ca4b2f9d99bb832283ac001a2ea0,1,0.000000
d72deba10ce0e62c7781800872e67643,0,0.000000
d7781e069a3a58534a847447d7af9290,0,0.491282
d7c0c246ff02b921a381fe006d5d4d7d,1,0.000000
d80a6029da410b86ea9edd2ca1853a2c,1,0.000000
d8540ace45bdf1c87c5cc6060f218d93,0,0.000000
d89d78ecabe5d02f8b038fa39d2ea1ec,0,0.000000
d8e7fbdae4a75c8168b4cc9f76a0ed89,1,0.491282
d93196052bdd5b79234a56c9eb42e83c,0,0.000000
d97bac190d2dffc06265ff8bdfe8a9cc,1,0.000000
d9c5f805169d4a41ffd29f714c9b8556,1,0.000000
da0faa041390983df1b7921b099fa0b6,1,0.000000
da57f9e3a1c29c27af0654a8c86fb7c8,0,0.506075
daa229a7701f305d64713aef32966a25,0,0.000000
daed0d9137560097b663fd1eee6a91fd,1,0.000000
db36bd1cbc042ca4dbf006dfc7812157,0,0.000000
db803798bb91876467cffdd0e9df354c,0,0.000000
dbc8bb6e5997ed9933064c758987f1ee,1,0.506075
dc11ad886179af0b0009a78b650c0cb0,1,0.000000
dc5c0cf67a29715c3924d11d0d9f2dcf,1,0.000000
dca459f6a950dbcbfd7f412cd27d33cc,1,0.000000
dcec44ffa7fc3c27e933700e788119f9,0,0.000000
dd359c565b2b9b5a816a417ea87053df,0,0.491282
dd7efbeb1341091c145677cfd43cf8fd,1,0.000000
ddc9e10c7bb9790516a078c01661998a,1,0.000000
de145f63658d0fdc14253d6e8f7d7cf8,1,0.000000
de5d180db24d5637a56b86d467b7e48e,1,0.000000
dea65b6249557cc5973f28fe042e4a47,1,0.491282
def0111591cfc07fba0a123c238c82b3,0,0.000000
df39c0434c1c3fea850ca94f247380da,1,0.000000
df825e0a7a335c5ef5291380c0774c36,0,0.000000
dfcb864ed0eca8dce81b9d4cc332a9fb,0,0.000000
e0167fc2801d6e0621d71cace7e94059,1,0.491282
e05f02c9106bc067d3f865207d62c2c3,0,0.000000
e0a9c3e0883f676a9158f305469e204c,0,0.000000
e0f33a966c74b9f791a9daf7a8b983e3,1,0.000000
e13d37bcc8d8718c81a80cf4d3083831,1,0.000000
e1867cc43d67f7291f393df840922f50,1,0.491282
e1cef42ba720628e44620f3579bd3915,0,0.000000
e218d80c2e7fda13c01e620af8606953,0,0.000000
e2629723c918140884bab74945b07ad5,1,0.000000
e2ac59f336126460ab5d565edca8f252,0,0.000000
e2f57e890f764c67695cb7dcfbaf0df4,0,0.491282
e33ee274fe7ae89c04c7bed14d9e8ade,0,0.000000
e387a84c655da8e3efc1b318c586ecd0,1,0.000000
e3d1bc0beba612377f2fcc4ff3fb3672,0,0.000000
e41abdc8ed699b68b7947e5b42987605,0,0.000000
e4637fb8ee17be69c8e2bfd19d858023,0,0.491282
e4ac75c65cea648939cf39b7296c17b1,1,0.000000
e4f70e2985618aeb734dfbd8f47eaca0,0,0.000000
e540abff3b59f82cc5a8440b8e3433ca,1,0.000000
e58bcaea5bb232dc171bedbe3e936bdc,0,0.000000
e5d58dff510974f1704a5e8775d91003,1,0.491282
e61eed23ab91f8366d1ebd618f2bbd99,0,0.000000
e66874dc52e93a9ce35fc1885ca6f423,1,0.000000
e6b0c22f9268ac5a9b89762ac30f55aa,1,0.000000
e6f96330abe8e24604542dc47469f53f,1,0.000000
e74410c04025cc57a8fc3f0467eeec79,1,0.491282
e78d6236da582c3056a76fba555e01c7,1,0.000000
e7d91c085b00d95f41546d0ed2a0c7ce,1,0.000000
e822ad0bd68ec322ac60a42deb6e80e2,0,0.000000
e86bb02b59dd0080154b8f5281f7d028,0,0.000000
e8b59790f3523d928e6843d954196a04,1,0.491282
e8feb9114db7327e253133c42a2f6342,1,0.000000
e948789e1baa29e1edb81190665c4cd1,0,0.000000
e9916deb35c8d40460223a8c858dbcd5,1,0.000000
e9d97ecc28a7b731fe1f737f59b53a94,0,0.000000
ea23c39d5b643fc04ab8b8dd61b1c218,1,0.491282
ea6c7e69eb7e32c6d07392c55356cd6f,0,0.000000
eab5d25b455f74a7e1339373d24b18a6,0,0.000000
eaffabf72be5255f9766ad08607e8234,1,0.000000
eb4a4c33120374b1095dea6f476d83be,0,0.000000
eb91ebd899cdfb138516d6aa29eff1e2,0,0.491282
ebdc3205463b1f9361a9e4754b18aac2,1,0.000000
ec253c0e51b548208d8c70331208fa7b,1,0.000000
ec6fbb027b4117fd245dd675390a45c3,1,0.000000
ecb883aa1f306a683c3fc08b3d8bd15b,0,0.000000
ed029713da01d2f3f1e0cc5a1a0fee64,1,0.491282
ed4b60f4877cf5761616b77d03b6013f,1,0.000000
ed951d34ed2b927cc89dee88bb2f3118,1,0.000000
edde460057067ba53f7f4272fb797af1,0,0.000000
ee282b6c51cf95e349686ff829df6481,0,0.000000
ee726a1fe379a4fc187ead80b5d88478,0,0.491282
eebbe89ae8c6df26429cf5c51147a608,0,0.000000
ef057b46b3e7b357d1c005c5637b0682,0,0.000000
ef4f4d4f518e73f21189c4a7bd985e64,1,0.000000
ef994fcd9bdd96c7e26f2b1186664f4a,1,0.000000
efe345176c3b642a7bd22416177cde8e,1,0.491282
f02c4fcc5b127fe5cf74dbb7b6d8993e,1,0.000000
f074ee545bcb3e341f7737dffd572370,1,0.000000
f0bedde1654edd2b9e9d5c194b261bec,1,0.000000
f1084109d7181c434cbb0a77e09ec301,1,0.000000
f151c2e9c754049f134537576f40c8c0,1,0.491282
f19ab7c61ad4cf469a3e67e732ee4f18,0,0.000000
f1e36a05a47d6656e9d29ad3460ebbc3,0,0.000000
f22d02ce3e71e9bbb0e40f5a8ff0350d,0,0.000000
f275b4886d7ca34c3bf2f38cac0ea245,1,0.000000
f2bff819d03f93458275561924e72d3a,0,0.506075
f3084864e642a23da06a2d65ee3a5c33,0,0.000000
f35183a672c674a06de51ed46474bacb,0,0.000000
f39a2f603a4ef73d01782b55f7d371e7,1,0.000000
f3e566738fe94c6b4bcc486f08efffef,0,0.000000
f42f88a0dfa0fcd81e34be25015cdaad,1,0.506075
f47871d62c406eb8927320a1e88301f8,1,0.000000
f4c3223678725135c1a088d8857ee03a,1,0.000000
f50ce9ea4ee33bb9c4c9ed2761b781c7,0,0.000000
f55523944fa8de2845640de22affc7c4,1,0.000000
f59f6de34c0908045101de39b46eab69,1,0.491282
f5e8bae615fae97616c855ad3c42f19e,1,0.000000
f631e014716ed3b732fd43d4299a4e38,0,0.000000
f67adf00442604121607242da2b7c8c1,0,0.000000
f6c451d4a5f08053828dd8fe3f10c3e1,1,0.000000
f70d64c6215314d1a1d2a0aa36847b79,1,0.506075
f758e09b10aba7ef9d494837c6c96fef,0,0.000000
f7a2f804ecf4ad782a4964e540c50159,1,0.000000
f7ec1231e06efbb595bb5e602758ec0e,0,0.000000
f834c09da624edfed2cff6e83d9a61df,0,0.000000
f87dc556a5105d9c925ff73182bdd294,0,0.491282
f8c721a2f85eb37cd1ff8b1f441a00b0,0,0.000000
f910ef9afa55a1569d6bc11efad0d0c7,1,0.000000
f9590694152ddcadec3b27acc2cf32ac,0,0.000000
f9a2bae951195c20659eb11835f27bb1,1,0.000000
f9ecdd56967458e09cae876c4bfa4a70,0,0.491282
fa361aeeea68f84a065db9f3895a6bbb,1,0.000000
fa80b09a0705c7285d18af4fe1705013,0,0.000000
faca5f72adbbebb7adb978de5976f246,1,0.000000
fb149bedb894354f4815a8f39d2b88ff,0,0.000000
fb5dec927715b5c24a33c9fcbedbbe60,0,0.491282
fba7621c79cad41f43d0e1fa9426087c,1,0.000000
fbf0a69c90126f0750ee95a87de73735,0,0.000000
fc3b7eb907c05068ad2fb5b1291b9a49,1,0.000000
fc854f38708ef53a66f7aeefe0b90d3d,1,0.000000
fccedbb38d6df3b83cfaa303685389a8,0,0.491282
fd187b913e93cf43b25b32e74cbb6c4c,0,0.000000
fd625aa98432105fd48b33ce736b5526,0,0.000000
fdabc0a63926abdd94f5d9117e1d9234,1,0.000000
fdf4c5932459bf62647e0bf663519fa0,1,0.000000
fe3de00e6b0c4bcd4485dbf50aa80903,0,0.491282
fe876a4f1b52f39003a317717d26d72b,1,0.000000
fed057e4ddcf766a8c72cbcefa26ee9a,1,0.000000
ff18bfe8d38c20217adc54de0954d686,0,0.000000
ff62fb6701ea314c5c54ccd77a509121,1,0.000000
ffacd071d532d00a66c03db92a10b614,0,0.491282
fff55d7d7a52bc495f1be91121f4a9a5,0,0.000000
