feature,fold0,fold1,fold2,fold3,fold4,median
OsSuite_LabelEncoding,21531.64230144024,21461.75026166439,1732172.6142274141,1639335.9701231122,1899426.9109032154,1639335.9701231122
AVProductStatesIdentifier_OneHotEncoding_53447,839757.8338669538,839078.3072067499,845051.4850735664,844707.0061645508,844083.9813331366,844083.9813331366
AvSigVersion_sort_by_date,526788.5514132977,561203.3633488417,561423.0876747966,527366.8779089451,541324.2277202606,541324.2277202606
SmartScreen_newSmartScreen_LabelEncoding,355148.9918703437,557499.991944313,453746.7213771939,548550.6684004664,286089.30242317915,453746.7213771939
Wdft_IsGamer_fillna_mean,229537.42803657055,236051.12754875422,235535.59687942266,226066.46997404099,235165.08519732952,235165.08519732952
AVProductsInstalled_LabelEncoding,6146.5848580002785,5547.557492673397,246538.4424842,231147.83614772558,246569.51034224033,231147.83614772558
Census_TotalPhysicalRAM_fillna_median,234744.15918570757,223011.73432707787,227280.2952592969,233466.61564403772,210494.85557699203,227280.2952592969
Census_InternalPrimaryDiagonalDisplaySizeInInches_fillna_median,211864.43939250708,222541.39023000002,210461.93390631676,201266.77715289593,219201.29404604435,211864.43939250708
Census_OSArchitecture_LabelEncoding,4197.693379044533,4026.346823692322,219699.88805764914,207025.25885152817,217766.82660585642,207025.25885152817
Census_PrimaryDiskTotalCapacity_fillna_median,189786.37080013752,210323.31549465656,203452.94941735268,179858.71330732107,198879.6503535509,198879.6503535509
AppVersion_subVersion_1,172384.0237042904,173780.08424675465,176941.74104100466,165141.01449155807,167862.82471257448,172384.0237042904
Census_OSWUAutoUpdateOptionsName_LabelEncoding,50251.749571323395,52427.54512619972,148871.793820858,145562.9615163803,148651.35062921047,145562.9615163803
Census_SystemVolumeTotalCapacity_fillna_median,143419.15649151802,161220.5196093917,138687.36876255274,120932.92185497284,148252.4060525298,143419.15649151802
Census_OSVersion_OSBuildRevision,137656.65239864588,147466.79323214293,128634.8463164568,124587.87706851959,137710.46277046204,137656.65239864588
AvSigVersion_sum,120314.47003388405,137257.29616427422,129087.0567959547,109330.03046774864,125984.24144500494,125984.24144500494
Census_OSSkuName_LabelEncoding,21086.41213297844,24819.300887942314,125990.27486431599,123655.06382268667,128429.12291282415,123655.06382268667
AVProductsInstalled_oneLess,110808.36393606663,102467.57437294722,116801.8119648099,109791.37246513367,128803.2513885498,110808.36393606663
AvSigVersion_build_LabelEncoding,97216.31795734167,93726.84556698799,96490.31499969959,100789.29067265987,97313.20957189798,97216.31795734167
Wdft_RegionIdentifier_LabelEncoding,146584.96439367533,158123.23727536201,90945.40269899368,67626.92448484898,94176.36243915558,94176.36243915558
Census_OSBuildNumber_LabelEncoding,13746.228008270264,15138.751560688019,96326.61528199911,93116.82628208399,97531.24690330029,93116.82628208399
AppVersion_subVersion_2,92211.53461498022,96855.47517639399,92500.27907854319,91099.5967040658,90511.10717952251,92211.53461498022
Census_OEMModelIdentifier_FrequencyEncoding,109706.85611772537,131320.8222309351,85699.79503524303,75707.76382017136,89648.2125645876,89648.2125645876
AvSigVersion_minor_LabelEncoding,87596.4000607729,110808.1588742137,88715.03010684252,68195.63766157627,90782.64502316713,88715.03010684252
Census_OSUILocaleIdentifier_LabelEncoding,94337.24955153465,98934.5239174962,88584.13824653625,79380.59135711193,86208.84575653076,88584.13824653625
CountryIdentifier_LabelEncoding,233386.85355454683,250638.7181816697,88427.47876387835,78245.60813695192,86536.38162863255,88427.47876387835
CountryIdentifier_hggdec_cnt,88086.55736112595,85388.567982018,89155.50405448675,85192.96119892597,88321.07294923067,88086.55736112595
Census_FirmwareVersionIdentifier_FrequencyEncoding,111355.29263150692,131875.07946956158,85384.73607945442,64463.81816083193,87909.32824218273,87909.32824218273
AvSigVersion_minor_build,85193.34896427393,103907.85612261295,84866.95417702198,72416.97860628366,92309.02030485868,85193.34896427393
CityIdentifier_FrequencyEncoding,139903.25951468945,162991.33895277977,83148.52890598774,76112.69169050455,82338.62358725071,83148.52890598774
AvSigVersion_FrequencyEncoding,121700.21968924999,139062.41307771206,77878.61305624247,78292.78009432554,80531.9065734744,80531.9065734744
AppVersion_subVersion_3,69568.64678174257,79724.10606521368,76709.7800103426,70167.75114440918,78485.81087779999,76709.7800103426
Census_GenuineStateName_LabelEncoding,19069.2509932518,18960.31696498394,94439.26874953508,73366.62146061659,97753.55177223682,73366.62146061659
OsBuildLab_OSBuildDate,80957.82503592968,80939.54667443037,70130.29258191586,70735.84832304716,73033.63077998161,73033.63077998161
Census_FlightRing_LabelEncoding,14182.75295162201,14461.46742889285,91301.94039964676,70116.40762072802,95009.83475196362,70116.40762072802
Census_FirmwareManufacturerIdentifier_LabelEncoding,68180.93721204996,69868.58832117915,83655.6014303565,64375.58234632015,85721.90657699108,69868.58832117915
Census_IsVirtualDevice_fillna_mean,64069.42613661289,67613.09820771217,67480.4159321785,67194.62888145447,70714.8971016407,67480.4159321785
Census_InternalPrimaryDisplayResolutionVertical_ResolutionRatio_fillna_mean,61457.5825304389,68999.54381263256,67281.68012011051,58958.11699229479,69706.78371208906,67281.68012011051
AvSigVersion_Week_from_2016,66061.59147000313,68670.28696477413,62351.36731404066,67078.23717683554,66888.62229585648,66888.62229585648
OsBuild_LabelEncoding,19033.85448372364,19524.635210990906,66248.21578407288,62979.04078519344,68840.64045244455,62979.04078519344
OsBuildLab_OSBuildRevision,61334.817116200924,66420.44933128357,64494.42571699619,58013.84351116419,62203.79878759384,62203.79878759384
Census_OSBranch_LabelEncoding,16205.040167450905,17721.203099429607,64573.77486771345,57614.642746567726,67581.0728327632,57614.642746567726
EngineVersion_secondVersion,56822.93412357569,58471.716604948044,57096.79968518019,55080.533784389496,55634.60798627138,56822.93412357569
AVProductStatesIdentifier_OneHotEncoding_7945,53028.32265216112,55341.59729385376,55834.32947039604,56908.710896492004,55865.231019735336,55834.32947039604
Census_InternalBatteryNumberOfCharges_fillna_median,47737.66036397219,54519.347962260246,55916.91600096226,49346.13333028555,56441.725266337395,54519.347962260246
RtpStateBitfield_LabelEncoding,65112.46693521738,68724.77033656836,53676.70819634199,49757.34796875715,54225.20364969969,54225.20364969969
OsBuildLab_OSBuildNumber,50500.985105633736,46695.927537322044,46537.82933306694,52791.62092876434,51070.374115884304,50500.985105633736
Census_OSBuildRevision_LabelEncoding,37025.920733213425,46243.96922057867,50455.52925592661,49841.187161803246,51844.34057998657,49841.187161803246
Platform_LabelEncoding,3131.581548690796,2039.533900976181,52540.05059105158,48513.73827344179,50676.42886990309,48513.73827344179
Census_ProcessorCoreCount_fillna_median,42106.31354278326,44732.82941275835,45694.08231770992,43466.7736248374,41952.42492353916,43466.7736248374
AVProductStatesIdentifier_OneHotEncoding_47238,37349.210445165634,39476.451028585434,42729.79452097416,45037.966393470764,45228.287400484085,42729.79452097416
SmartScreen_LabelEncoding,1840036.6392391324,1632356.5512512922,41037.79978877306,36552.22959071398,39401.270826399326,41037.79978877306
Census_ActivationChannel_LabelEncoding,117931.30039608479,118332.40162694454,37690.993459522724,28952.204586088657,40790.537470936775,40790.537470936775
OsBuildLab_OSArchitecture_CountEncoding,38753.09961414337,39457.154277563095,37165.83367794752,40329.20013421774,39821.6349799633,39457.154277563095
AVProductStatesIdentifier_magic4,12299.90359544754,18590.778239250183,41358.88342064619,39219.873529314995,40162.40814816952,39219.873529314995
AVProductsEnabled_LabelEncoding,16213.623774826527,18488.212920844555,41063.789928495884,37011.15472984314,40967.5020942688,37011.15472984314
Census_ThresholdOptIn_LabelEncoding,19225.254671812057,23086.022453725338,46988.784674584866,36391.025895655155,47323.8266274333,36391.025895655155
Census_PowerPlatformRoleName_LabelEncoding,19171.834629535675,19564.361574351788,39868.92000621557,36318.402160942554,36316.19765084982,36316.19765084982
Census_InternalBatteryType_LabelEncoding,10674.804589390755,13017.935950577259,33692.87818109989,32911.896767258644,36637.33897662163,32911.896767258644
IeVerIdentifier_LabelEncoding,64751.23179405928,72434.48306947947,27892.425253629684,25926.774474978447,28339.746590852737,28339.746590852737
Census_OSVersion_OSBuildNumber,30325.19766610861,30048.760825753212,25499.426734924316,27615.396807193756,24334.609716892242,27615.396807193756
AVProductStatesIdentifier_OneHotEncoding_46413,25080.242518663406,24945.401107788086,26937.24668073654,27440.6639482975,27885.929138422012,26937.24668073654
Firewall_fillna_mean,25703.03254532814,29613.546061992645,27813.243628263474,23359.44702076912,26873.206683158875,26873.206683158875
Census_InternalPrimaryDisplayResolutionVertical_fillna_median,25459.411903738976,28245.45577812195,26709.292352974415,23942.454602062702,28528.306350946426,26709.292352974415
IsProtected_fillna_mean,25033.05889940262,24754.192951202393,26496.08058977127,27002.072830200195,28601.574971199036,26496.08058977127
Census_InternalPrimaryDisplayResolutionHorizontal_fillna_median,26339.370592951775,27980.809059143066,26724.23361980915,23804.609015762806,25855.936259508133,26339.370592951775
OsBuildLab_exact,27914.753609120846,30074.273309230804,25912.39021039009,22052.823556244373,25665.261189222336,25912.39021039009
Census_OSVersion_LabelEncoding,88531.39208388329,96319.06168669462,25518.6531996727,21270.975656867027,23739.378306806087,25518.6531996727
IsSxsPassiveMode_fillna_mean,24932.55366230011,25144.764293551445,24307.478676199913,25479.456243038177,25527.901076316833,25144.764293551445
LocaleEnglishNameIdentifier_LabelEncoding,85196.18838500977,93096.75844219327,21687.9732452631,21078.573097229004,24787.4881875515,24787.4881875515
SmartScreen_OneHotEncoding_RequireAdmin,22856.77531772852,24942.471877098083,21171.972798347473,20849.22632944584,23352.49168229103,22856.77531772852
AvSigVersion_Week_from_2018,35999.216697216034,14175.850400030613,13943.97471499443,22160.40845990181,27919.08613228798,22160.40845990181
OsBuildLab_OSBranch_CountEncoding,22626.921174049377,23066.74569195509,21816.813550055027,21683.88496673107,20172.801114678383,21816.813550055027
Census_OSInstallLanguageIdentifier_LabelEncoding,71502.50296926498,72427.61541634798,19107.152908205986,19070.249692082405,19498.79097557068,19498.79097557068
Census_HasOpticalDiskDrive_fillna_mean,19278.22068965435,20459.285390615463,18682.522069215775,18580.317311048508,20630.14505571127,19278.22068965435
Census_DeviceFamily_LabelEncoding,106.58286046981812,34.65190029144287,21648.525227606297,19185.293748140335,20318.766623675823,19185.293748140335
Census_IsSecureBootEnabled_fillna_mean,17216.543443918228,18672.264113307,18583.42370927334,19427.09412240982,19910.14014673233,18672.264113307
EngineVersion_LabelEncoding,17628.010164380074,18568.930786907673,18327.165468156338,21163.422980487347,21027.204446911812,18568.930786907673
Census_OSEdition_LabelEncoding,34760.97621798515,37322.115369170904,17667.34762096405,16279.472539424896,18257.906733751297,18257.906733751297
AVProductStatesIdentifier_FrequencyEncoding,292528.67221689224,293339.98042684793,17613.150445222855,18185.987686157227,17404.324214696884,18185.987686157227
GeoNameIdentifier_LabelEncoding,85991.10518556833,97704.24306976795,17147.107415556908,17273.16802930832,18140.35417854786,18140.35417854786
Census_PrimaryDiskTypeName_LabelEncoding,25913.651497900486,28414.19967341423,16226.338537752628,12334.185928285122,16948.047543108463,16948.047543108463
AvSigVersion_Week_from_2017,16328.95216679573,17958.827913343906,17261.93933045864,12637.323622703552,16306.776360452175,16328.95216679573
Census_ChassisTypeName_LabelEncoding,34941.037413299084,40352.1288433373,14151.283085048199,11358.42884349823,15084.005378961563,15084.005378961563
Census_GenuineStateName_not_genuine_user,15304.690667152405,16535.950243473053,14988.817502260208,13407.773765802383,14107.988293111324,14988.817502260208
AppVersion_LabelEncoding,17172.764818787575,17014.6209115386,14982.339005470276,12651.614167809486,14949.668926358223,14982.339005470276
Census_OSInstallTypeName_LabelEncoding,217458.53461194038,223604.05604952574,14550.923762142658,14381.735004425049,13961.101716399193,14550.923762142658
Census_IsTouchEnabled_fillna_mean,13536.873481988907,15850.081691980362,14269.181977272034,11410.984713554382,14421.709809064865,14269.181977272034
AVProductStatesIdentifier_OneHotEncoding_49480,14180.682138800621,12112.384683251381,11599.111149907112,13088.113344669342,12223.930737376213,12223.930737376213
Census_OEMNameIdentifier_FrequencyEncoding,78794.45892316103,88242.94583266973,9961.645311295986,8736.01789367199,11898.400590956211,11898.400590956211
DefaultBrowsersIdentifier_LabelEncoding,53271.95076560974,58743.25982064009,9430.15598231554,10710.872846901417,33.79060983657837,10710.872846901417
Census_IsAlwaysOnAlwaysConnectedCapable_fillna_mean,9758.95314335823,8755.046332538128,8977.57623720169,10691.009764015675,10050.784139335155,9758.95314335823
Census_ProcessorModelIdentifier_FrequencyEncoding,119223.07199549675,138353.48795357347,4340.266172111034,3775.51931476593,5657.426768779755,5657.426768779755
AVProductsEnabled_no_av_at_risk,1625.3195314407349,1161.7291717529297,6413.814687728882,5975.127277374268,5485.4205532073975,5485.4205532073975
Census_InternalBatteryType_batteryGroup,4828.555663108826,5575.036258459091,4905.688847541809,4204.703946828842,5003.465364933014,4905.688847541809
OrganizationIdentifier_LabelEncoding,40109.610509455204,43833.45045340061,2511.303795337677,2661.472974419594,2536.0295326709747,2661.472974419594
SmartScreen_OneHotEncoding_Nan,116.07711029052734,267.68468034267426,204.74361848831177,149.8183410167694,211.5077302455902,204.74361848831177
OsBuildLab_LabelEncoding,51719.61133873463,53719.23371002078,118.58964920043945,34.53070068359375,58.04590034484863,118.58964920043945
